CustomerID,Annual Income (k$),Spending Score (1-100),Cluster
1000,0.3477924089852827,0.6263736263736265,2
1001,0.2587141750580944,0.3956043956043956,2
1002,0.4298993028659953,0.2747252747252747,0
1003,0.5120061967467079,0.3186813186813187,0
1004,0.2099147947327653,0.6263736263736265,2
1005,0.1680867544539117,0.7912087912087913,1
1006,0.5840433772269559,0.3626373626373626,0
1007,0.4632068164213787,0.3736263736263736,4
1008,0.2114639814097598,0.4615384615384615,2
1009,0.2602633617350891,0.6593406593406594,1
1010,0.0480247869868319,0.5604395604395606,1
1011,0.249419054996127,0.7252747252747254,1
1012,0.2354763749031758,0.5164835164835165,2
1013,0.0,0.8461538461538463,1
1014,0.0844306738962044,0.7032967032967034,1
1015,0.1572424477149496,0.5824175824175825,2
1016,0.1913245546088303,0.5274725274725276,2
1017,0.3168086754453911,0.4615384615384615,4
1018,0.1820294345468629,0.6373626373626374,1
1019,0.0,0.6923076923076924,1
1020,0.5731990704879938,0.2417582417582418,0
1021,0.225406661502711,0.5494505494505495,2
1022,0.2277304415182029,0.5604395604395606,2
1023,0.0921766072811773,0.3956043956043956,2
1024,0.0712625871417505,0.7032967032967034,1
1025,0.2765298218435321,0.4175824175824176,2
1027,0.1951975213013168,0.3846153846153846,2
1028,0.0728117738187451,0.4505494505494505,2
1029,0.2780790085205267,0.3846153846153846,2
1030,0.1285824941905499,0.5384615384615385,2
1031,0.65143299767622,0.4505494505494505,4
1032,0.2037180480247869,0.5164835164835165,2
1033,0.0193648334624322,0.7032967032967034,1
1034,0.3648334624322231,0.4945054945054946,4
1035,0.1742835011618899,0.6043956043956045,2
1036,0.2556158017041053,0.5274725274725276,2
1037,0.0,0.5384615384615385,1
1038,0.0937257939581719,0.7912087912087913,1
1039,0.2958946553059643,0.7142857142857144,1
1040,0.5631293570875291,0.1648351648351648,0
1041,0.3408210689388071,0.3736263736263736,4
1042,0.2006196746707978,0.5494505494505495,2
1043,0.1270333075135553,0.5164835164835165,2
1044,0.0441518202943454,0.7142857142857144,1
1045,0.1696359411309062,0.5164835164835165,2
1046,0.1216111541440743,0.8571428571428572,1
1047,0.3865220759101472,0.5714285714285715,4
1048,0.3005422153369481,0.5274725274725276,2
1049,0.0387296669248644,0.7692307692307694,1
1050,0.2811773818745159,0.6373626373626374,2
1051,0.1479473276529822,0.5494505494505495,2
1052,0.1533694810224632,0.5164835164835165,2
1053,0.4260263361735089,0.4395604395604395,4
1054,0.5213013168086754,0.4505494505494505,4
1055,0.4856700232378002,0.3956043956043956,4
1056,0.0247869868319132,0.5054945054945056,2
1057,0.1518202943454686,0.5164835164835165,2
1058,0.1859024012393493,0.5604395604395606,2
1059,0.4298993028659953,0.4065934065934066,4
1060,0.1758326878388846,0.8131868131868133,1
1061,0.1332300542215337,0.4615384615384615,2
1062,0.0542215336948102,0.7142857142857144,1
1063,0.0356312935708753,0.8351648351648353,1
1064,0.5104570100697134,0.6153846153846154,4
1065,0.4856700232378002,0.3186813186813187,0
1066,0.1781564678543764,0.6373626373626374,1
1068,0.2447714949651433,0.5604395604395606,2
1069,0.150271107668474,0.5934065934065935,2
1070,0.3826491092176608,0.5054945054945056,4
1071,0.5739736638264911,0.0219780219780219,3
1072,0.1564678543764523,0.6703296703296704,1
1073,0.643687064291247,0.2747252747252747,0
1074,0.0503485670023237,0.6043956043956045,1
1075,0.3702556158017041,0.6703296703296704,2
1076,0.3020914020139427,0.4395604395604395,2
1077,0.3044151820294345,0.4725274725274725,2
1078,0.1812548412083655,0.8021978021978023,1
1079,0.0,0.5714285714285715,1
1080,0.2718822618125484,0.4725274725274725,2
1081,0.2958946553059643,0.4945054945054946,2
1082,0.5569326103795508,0.4065934065934066,4
1083,0.2021688613477924,0.6043956043956045,2
1084,0.1773818745158791,0.4505494505494505,2
1085,0.0991479473276529,0.5824175824175825,1
1086,0.5367931835786212,0.2857142857142857,0
1087,0.3516653756777691,0.4725274725274725,4
1088,0.1673121611154144,0.6483516483516485,1
1089,0.2904725019364833,0.5604395604395606,2
1090,0.1564678543764523,0.3956043956043956,2
1091,0.4206041828040279,0.5384615384615385,4
1092,0.1890007745933385,0.6153846153846154,2
1093,0.1913245546088303,0.7362637362637363,1
1094,0.2649109217660728,0.5934065934065935,2
1095,0.0487993803253292,0.7802197802197803,1
1096,0.2997676219984508,0.5604395604395606,2
1097,0.2013942680092951,0.7142857142857144,1
1098,0.2354763749031758,0.6153846153846154,2
1099,0.1982958946553059,0.5714285714285715,2
1100,0.0975987606506584,0.8791208791208792,1
1101,0.1719597211463981,0.6923076923076924,1
1102,0.1866769945778466,0.6483516483516485,1
1103,0.2044926413632842,0.4395604395604395,2
1104,0.1959721146398141,0.4395604395604395,2
1106,0.6963594113090628,0.2197802197802198,0
1107,0.3369481022463206,0.4285714285714286,4
1108,0.185127807900852,0.5934065934065935,2
1109,0.26568551510457,0.7142857142857144,1
1110,0.0,0.7472527472527474,1
1111,0.2532920216886135,0.4175824175824176,2
1112,0.2556158017041053,0.5274725274725276,2
1113,0.6405886909372579,0.0989010989010989,3
1114,0.1603408210689388,0.5604395604395606,2
1115,0.2223082881487219,0.5054945054945056,2
1116,0.1804802478698683,0.5274725274725276,2
1118,0.4841208365608055,0.3626373626373626,4
1119,0.493415956622773,0.3186813186813187,0
1120,0.5011618900077459,0.0549450549450549,0
1121,0.2316034082106894,0.7802197802197803,1
1122,0.4996127033307513,0.4725274725274725,4
1123,0.0983733539891557,0.5824175824175825,1
1124,0.5034856700232377,0.3846153846153846,4
1125,0.6591789310611929,0.0769230769230769,3
1126,0.1301316808675445,0.8021978021978023,1
1127,0.2130131680867544,0.7802197802197803,1
1128,0.2811773818745159,0.5384615384615385,2
1129,0.1045701006971339,0.7472527472527474,1
1130,0.1239349341595662,0.6263736263736265,1
1131,0.3059643687064292,0.3626373626373626,4
1132,0.0782339271882262,0.6043956043956045,1
1133,0.2951200619674671,0.5164835164835165,2
1135,0.5243996901626646,0.3076923076923077,0
1136,0.21998450813323,0.5604395604395606,2
1137,0.3415956622773044,0.4835164835164835,4
1138,0.3965917893106119,0.4395604395604395,4
1139,0.0123934934159566,0.5604395604395606,1
1140,0.2835011618900077,0.4395604395604395,2
1141,0.5623547637490317,0.1868131868131868,0
1142,0.0418280402788535,0.7582417582417583,1
1143,0.3408210689388071,0.2637362637362637,4
1144,0.1820294345468629,0.7032967032967034,1
1145,0.4632068164213787,0.5604395604395606,4
1146,0.0604182804027885,0.6153846153846154,1
1147,0.1905499612703331,0.2857142857142857,2
1148,0.4159566227730441,0.3956043956043956,4
1149,0.2176607281177382,0.5494505494505495,2
1150,0.230828814872192,0.4395604395604395,2
1151,0.3323005422153369,0.4285714285714286,4
1152,0.1432997676219984,0.7802197802197803,1
1153,0.2618125484120837,0.6043956043956045,2
1154,0.2664601084430673,0.4285714285714286,2
1155,0.0340821068938806,0.4945054945054946,2
1156,0.5398915569326104,0.2637362637362637,0
1157,0.2501936483346243,0.5054945054945056,2
1158,0.0673896204492641,0.7032967032967034,1
1159,0.5197521301316808,0.3186813186813187,0
1160,0.0472501936483346,0.7142857142857144,1
1161,0.5646785437645236,0.5604395604395606,4
1162,0.541440743609605,0.4285714285714286,4
1163,0.1223857474825716,0.6153846153846154,1
1164,0.5530596436870643,0.3186813186813187,0
1165,0.2997676219984508,0.4725274725274725,2
1166,0.5166537567776918,0.4945054945054946,4
1167,0.6010844306738962,0.1978021978021978,0
1168,0.1882261812548411,0.5934065934065935,2
1169,0.115414407436096,0.6373626373626374,1
1170,0.0720371804802478,0.5934065934065935,1
1171,0.0883036405886909,0.4945054945054946,2
1172,0.4058869093725794,0.4945054945054946,4
1173,0.3563129357087529,0.4725274725274725,4
1174,0.1812548412083655,0.6373626373626374,1
1175,0.4260263361735089,0.3626373626373626,4
1176,0.2672347017815647,0.6703296703296704,1
1177,0.546862896979086,0.2197802197802198,0
1178,0.2432223082881487,0.7362637362637363,1
1179,0.5716498838109992,0.0109890109890109,3
1180,0.4120836560805577,0.4835164835164835,4
1181,0.1595662277304415,0.6483516483516485,1
1182,0.1169635941130906,0.5384615384615385,2
1183,0.1549186676994578,0.6373626373626374,1
1184,0.1951975213013168,0.7252747252747254,1
1185,0.4562354763749032,0.1648351648351648,0
1186,0.3036405886909372,0.5604395604395606,2
1188,0.1618900077459334,0.4945054945054946,2
1189,0.0503485670023237,0.8351648351648353,1
1190,0.238574748257165,0.4945054945054946,2
1191,0.52285050348567,0.2307692307692308,0
1192,0.2912470952749806,0.4945054945054946,2
1193,0.1355538342370255,0.8351648351648353,1
1194,0.3787761425251743,0.2637362637362637,0
1195,0.209140201394268,0.4395604395604395,2
1196,0.1688613477924089,0.7582417582417583,1
1197,0.1936483346243222,0.7802197802197803,1
1198,0.2711076684740511,0.5164835164835165,2
1199,0.0549961270333075,0.5164835164835165,2
1200,0.2532920216886135,0.7692307692307694,1
1201,0.2742060418280403,0.6923076923076924,1
1202,0.5592563903950426,0.4065934065934066,4
1203,0.5011618900077459,0.2857142857142857,0
1204,0.0061967467079783,0.6703296703296704,1
1205,0.1285824941905499,0.6043956043956045,1
1206,0.2486444616576297,0.5714285714285715,2
1207,0.214562354763749,0.7142857142857144,1
1208,0.2796281951975213,0.6153846153846154,2
1209,0.6498838109992254,0.0,3
1210,0.5499612703330751,0.5054945054945056,4
1211,0.5236250968241672,0.3846153846153846,4
1212,0.3408210689388071,0.5384615384615385,2
1213,0.399690162664601,0.6043956043956045,4
1214,0.2587141750580944,0.4175824175824176,2
1215,0.6134779240898528,0.3186813186813187,0
1216,0.0549961270333075,0.6043956043956045,1
1217,0.0929512006196746,0.4615384615384615,2
1218,0.2974438419829589,0.5604395604395606,2
1219,0.2749806351665376,0.8021978021978023,1
1220,0.5553834237025561,0.0439560439560439,3
1221,0.0611928737412858,0.6373626373626374,1
1222,0.2951200619674671,0.5714285714285715,2
1223,0.0557707203718048,0.6593406593406594,1
1224,0.2013942680092951,0.5604395604395606,2
1225,0.5251742835011618,0.2087912087912088,0
1226,0.1882261812548411,0.6043956043956045,2
1227,0.1169635941130906,0.5384615384615385,2
1228,0.0960495739736638,0.3956043956043956,2
1229,0.4732765298218434,0.5384615384615385,4
1230,0.0975987606506584,0.7472527472527474,1
1231,0.2393493415956622,0.5494505494505495,2
1232,0.1750580945003873,0.6153846153846154,1
1233,0.2075910147172734,0.6923076923076924,1
1234,0.5832687838884585,0.2747252747252747,0
1235,0.3880712625871416,0.5494505494505495,4
1236,0.016266460108443,0.6263736263736265,1
1237,0.161115414407436,0.7362637362637363,1
1238,0.1487219209914795,0.6483516483516485,1
1239,0.3950426026336173,0.4615384615384615,4
1240,0.3160340821068939,0.3736263736263736,4
1241,0.1541440743609604,0.6373626373626374,1
1242,0.383423702556158,0.3626373626373626,4
1243,0.557707203718048,0.2747252747252747,0
1244,0.1146398140975987,0.5274725274725276,2
1245,0.3044151820294345,0.4065934065934066,4
1246,0.2044926413632842,0.8131868131868133,1
1247,0.1913245546088303,0.7252747252747254,1
1248,0.5058094500387297,0.5384615384615385,4
1249,0.3547637490317583,0.3406593406593406,4
1250,0.1657629744384198,0.6043956043956045,1
1251,0.4391944229279628,0.2747252747252747,0
1252,0.5151045701006971,0.2197802197802198,0
1253,0.4376452362509682,0.3076923076923077,0
1254,0.0201394268009295,0.8021978021978023,1
1255,0.1773818745158791,0.5494505494505495,2
1256,0.5274980635166537,0.4615384615384615,4
1257,0.1247095274980635,0.6923076923076924,1
1258,0.2904725019364833,0.7582417582417583,1
1259,0.4756003098373355,0.2307692307692308,0
1260,0.1920991479473276,0.7252747252747254,1
1261,0.0975987606506584,0.7582417582417583,1
1262,0.0,0.5494505494505495,1
1263,0.1386522075910146,0.7252747252747254,1
1264,0.2835011618900077,0.5714285714285715,2
1265,0.0673896204492641,0.6263736263736265,1
1266,0.4113090627420603,0.2967032967032967,4
1267,0.1223857474825716,0.5384615384615385,2
1268,0.1417505809450038,0.8351648351648353,1
1269,0.1773818745158791,0.5824175824175825,2
1270,0.4632068164213787,0.4505494505494505,4
1271,0.0720371804802478,0.5604395604395606,1
1272,0.4461657629744383,0.3076923076923077,0
1273,0.1006971340046475,0.7472527472527474,1
1274,0.1812548412083655,0.4395604395604395,2
1275,0.3718048024786987,0.4175824175824176,4
1276,0.3051897753679318,0.5164835164835165,2
1277,0.0968241673121611,0.6483516483516485,1
1278,0.238574748257165,0.5274725274725276,2
1279,0.1944229279628195,0.6263736263736265,1
1280,0.2881487219209915,0.5934065934065935,2
1281,0.5879163439194424,0.4175824175824176,4
1282,0.5003872966692486,0.2307692307692308,0
1283,0.1030209140201394,0.5934065934065935,1
1284,0.6018590240123936,0.3736263736263736,0
1286,0.2664601084430673,0.3846153846153846,2
1287,0.4159566227730441,0.4725274725274725,4
1288,0.2703330751355538,0.3076923076923077,4
1289,0.2548412083656081,0.5494505494505495,2
1290,0.2347017815646785,0.7692307692307694,1
1291,0.1278079008520526,0.5164835164835165,2
1292,0.2540666150271107,0.4615384615384615,2
1293,0.5437645236250969,0.4395604395604395,4
1294,0.2517428350116188,0.3626373626373626,2
1295,0.1239349341595662,0.5494505494505495,2
1296,0.487993803253292,0.4505494505494505,4
1297,0.2935708752904725,0.4505494505494505,2
1298,0.4384198295894654,0.3846153846153846,4
1299,0.4817970565453137,0.4835164835164835,4
1300,0.2447714949651433,0.5934065934065935,2
1301,0.2478698683191324,0.5824175824175825,2
1302,0.4113090627420603,0.3956043956043956,4
1303,0.4972889233152595,0.4285714285714286,4
1304,0.1727343144848954,0.5714285714285715,2
1305,0.2757552285050348,0.5824175824175825,2
1306,0.6057319907048799,0.2417582417582418,0
1307,0.1541440743609604,0.5824175824175825,2
1308,0.2401239349341596,0.4285714285714286,2
1309,0.1688613477924089,0.5934065934065935,2
1310,0.1417505809450038,0.5164835164835165,2
1311,0.4469403563129357,0.2747252747252747,0
1312,0.4206041828040279,0.4505494505494505,4
1313,0.4020139426800929,0.4505494505494505,4
1314,0.5398915569326104,0.4175824175824176,4
1315,0.2927962819519751,0.4725274725274725,2
1316,0.388845855925639,0.4945054945054946,4
1317,0.3036405886909372,0.5824175824175825,2
1318,0.3106119287374128,0.5494505494505495,2
1319,0.2865995352439969,0.4395604395604395,2
1320,0.2099147947327653,0.5824175824175825,2
1321,0.4647560030983733,0.4505494505494505,4
1322,0.0720371804802478,0.6483516483516485,1
1323,0.6963594113090628,0.0,3
1324,0.1363284275755228,0.6263736263736265,1
1325,0.1316808675445391,0.8571428571428572,1
1326,0.4570100697134004,0.3516483516483517,4
1327,0.3764523625096824,0.3736263736263736,4
1328,0.3780015491866769,0.4945054945054946,4
1329,0.3408210689388071,0.5164835164835165,4
1330,0.26568551510457,0.6703296703296704,1
1331,0.0549961270333075,0.5274725274725276,2
1332,0.3036405886909372,0.5934065934065935,2
1333,0.0906274206041828,0.7032967032967034,1
1334,0.5313710302091401,0.3406593406593406,0
1335,0.2618125484120837,0.5824175824175825,2
1336,0.0960495739736638,0.7472527472527474,1
1337,0.2316034082106894,0.6593406593406594,1
1338,0.2951200619674671,0.3846153846153846,4
1339,0.1340046475600309,0.7032967032967034,1
1340,0.0766847405112315,0.6373626373626374,1
1341,0.1432997676219984,0.6043956043956045,1
1342,0.2865995352439969,0.5274725274725276,2
1343,0.0844306738962044,0.6263736263736265,1
1344,0.1874515879163439,0.7142857142857144,1
1345,0.2486444616576297,0.5274725274725276,2
1346,0.1115414407436095,0.4945054945054946,2
1347,0.0650658404337722,0.6043956043956045,1
1348,0.1332300542215337,0.6373626373626374,1
1349,0.2548412083656081,0.6813186813186815,1
1350,0.2858249419054995,0.5824175824175825,2
1351,0.5863671572424477,0.1978021978021978,0
1352,0.4616576297443842,0.6703296703296704,4
1353,0.1278079008520526,0.6483516483516485,1
1354,0.284275755228505,0.6703296703296704,1
1355,0.1634391944229279,0.5824175824175825,2
1356,0.1742835011618899,0.6483516483516485,1
1357,0.1936483346243222,0.6703296703296704,1
1358,0.2765298218435321,0.6593406593406594,2
1359,0.1309062742060418,0.7362637362637363,1
1360,0.313710302091402,0.5934065934065935,2
1361,0.6839659178931061,0.2087912087912088,0
1362,0.2904725019364833,0.4615384615384615,2
1363,0.1975213013168087,0.6043956043956045,2
1364,0.4949651432997676,0.4835164835164835,4
1365,0.2773044151820294,0.5054945054945056,2
1366,0.2889233152594888,0.6373626373626374,2
1367,0.3044151820294345,0.6703296703296704,2
1368,0.3756777691711851,0.3736263736263736,4
1369,0.2168861347792408,0.4725274725274725,2
1370,0.2525174283501162,0.5274725274725276,2
1371,0.3578621223857475,0.5054945054945056,4
1372,0.5553834237025561,0.2527472527472527,0
1373,0.5398915569326104,0.4945054945054946,4
1374,0.5631293570875291,0.3076923076923077,0
1375,0.2501936483346243,0.5494505494505495,2
1376,0.4430673896204492,0.2527472527472527,0
1377,0.3462432223082882,0.3406593406593406,4
1378,0.5507358636715723,0.2967032967032967,0
1379,0.0666150271107668,0.4175824175824176,2
1380,0.1618900077459334,0.7142857142857144,1
1381,0.0371804802478698,0.6483516483516485,1
1382,0.0387296669248644,1.0000000000000002,1
1383,0.2362509682416731,0.8131868131868133,1
1384,0.1169635941130906,0.6043956043956045,1
1385,0.2587141750580944,0.5274725274725276,2
1386,0.399690162664601,0.5604395604395606,4
1387,0.5213013168086754,0.4945054945054946,4
1388,0.4275755228505035,0.2307692307692308,0
1389,0.2594887683965917,0.3516483516483517,2
1390,0.2610379550735864,0.4725274725274725,2
1392,0.1463981409759876,0.6593406593406594,1
1393,0.6769945778466305,0.3406593406593406,0
1394,0.4469403563129357,0.2637362637362637,0
1395,0.1510457010069713,0.3516483516483517,2
1396,0.1177381874515879,0.7032967032967034,1
1397,0.5972114639814097,0.2087912087912088,0
1398,0.2579395817195972,0.3186813186813187,2
1399,0.4260263361735089,0.4175824175824176,4
1400,0.1789310611928737,0.6593406593406594,1
1401,0.1347792408985282,0.6043956043956045,1
1402,0.2161115414407436,0.5164835164835165,2
1403,0.2579395817195972,0.5274725274725276,2
1404,0.2773044151820294,0.4945054945054946,2
1405,0.5422153369481022,0.2197802197802198,0
1406,0.1371030209140201,0.5274725274725276,2
1407,0.2517428350116188,0.6043956043956045,2
1408,0.2532920216886135,0.5714285714285715,2
1409,0.3276529821843532,0.5054945054945056,2
1410,0.243996901626646,0.4175824175824176,2
1411,0.0929512006196746,0.6153846153846154,1
1412,0.0844306738962044,0.3956043956043956,2
1413,0.4407436096049574,0.4175824175824176,4
1414,0.3028659953524399,0.6593406593406594,2
1415,0.1409759876065066,0.4505494505494505,2
1416,0.5243996901626646,0.2637362637362637,0
1417,0.34856700232378,0.5274725274725276,4
1418,0.4244771494965142,0.5494505494505495,4
1419,0.2416731216111541,0.4945054945054946,2
1420,0.5917893106119287,0.1868131868131868,0
1421,0.5739736638264911,0.0659340659340659,3
1422,0.2215336948102246,0.5714285714285715,2
1423,0.4546862896979086,0.6263736263736265,4
1424,0.4151820294345468,0.4615384615384615,4
1425,0.5964368706429125,0.2967032967032967,0
1426,0.1642137877614252,0.6373626373626374,1
1427,0.4020139426800929,0.4395604395604395,4
1428,0.52285050348567,0.2637362637362637,0
1430,0.1270333075135553,0.6373626373626374,1
1431,0.0650658404337722,0.6263736263736265,1
1432,0.2068164213787761,0.4615384615384615,2
1433,0.4585592563903951,0.5494505494505495,4
1434,0.493415956622773,0.4175824175824176,4
1435,0.238574748257165,0.4835164835164835,2
1436,0.5236250968241672,0.4285714285714286,4
1437,0.0371804802478698,0.6043956043956045,1
1438,0.0309837335398915,0.5714285714285715,1
1439,0.1409759876065066,0.5274725274725276,2
1440,0.2486444616576297,0.3406593406593406,2
1441,0.2192099147947327,0.6153846153846154,2
1442,0.0,0.4615384615384615,2
1443,0.2083656080557707,0.4395604395604395,2
1444,0.0937257939581719,0.4065934065934066,2
1445,0.4260263361735089,0.4175824175824176,4
1446,0.3330751355538343,0.4725274725274725,4
1447,0.0852052672347017,0.6043956043956045,1
1448,0.1068938807126258,0.5164835164835165,2
1449,0.0611928737412858,0.5274725274725276,2
1450,0.1928737412858249,0.6263736263736265,1
1451,0.3865220759101472,0.3736263736263736,4
1452,0.0774593338497288,0.6813186813186815,1
1453,0.2122385747482571,0.4615384615384615,2
1454,0.1533694810224632,0.6263736263736265,1
1455,0.1649883810999225,0.7362637362637363,1
1456,0.2602633617350891,0.6043956043956045,2
1457,0.0906274206041828,0.5934065934065935,1
1458,0.155693261037955,0.6373626373626374,1
1459,0.040278853601859,0.6373626373626374,1
1460,0.5824941905499613,0.2637362637362637,0
1461,0.1843532145623547,0.5494505494505495,2
1462,0.1890007745933385,0.5714285714285715,2
1463,0.1541440743609604,0.6153846153846154,1
1464,0.2006196746707978,0.4615384615384615,2
1465,0.2277304415182029,0.4505494505494505,2
1466,0.5081332300542215,0.2307692307692308,0
1467,0.6010844306738962,0.1538461538461538,0
1468,0.2029434546862897,0.4395604395604395,2
1469,0.1053446940356312,0.6483516483516485,1
1470,0.2029434546862897,0.4725274725274725,2
1471,0.0,0.7142857142857144,1
1472,0.0650658404337722,0.6483516483516485,1
1473,0.4748257164988381,0.1538461538461538,0
1474,0.5298218435321457,0.3956043956043956,4
1475,0.1750580945003873,0.6813186813186815,1
1476,0.3973663826491092,0.3406593406593406,4
1477,0.225406661502711,0.6043956043956045,2
1478,0.8721920991479473,0.0,3
1479,0.493415956622773,0.3846153846153846,4
1480,0.3369481022463206,0.3626373626373626,4
1481,0.1758326878388846,0.3956043956043956,2
1482,0.085979860573199,0.5824175824175825,1
1483,0.2873741285824942,0.5054945054945056,2
1484,0.1781564678543764,0.5494505494505495,2
1485,0.0,0.5494505494505495,1
1486,0.150271107668474,0.5604395604395606,2
1487,0.1642137877614252,0.6263736263736265,1
1488,0.52285050348567,0.3186813186813187,0
1489,0.3384972889233153,0.4835164835164835,4
1490,0.2339271882261812,0.4835164835164835,2
1491,0.6429124709527498,0.3956043956043956,0
1492,0.3284275755228505,0.3736263736263736,4
1493,0.1355538342370255,0.6703296703296704,1
1494,0.5755228505034856,0.4285714285714286,4
1495,0.2703330751355538,0.5714285714285715,2
1496,0.0201394268009295,0.6593406593406594,1
1497,0.1518202943454686,0.5494505494505495,2
1498,0.2362509682416731,0.6703296703296704,1
1499,0.0666150271107668,0.4945054945054946,2
1500,0.4120836560805577,0.3186813186813187,4
1501,0.557707203718048,0.2417582417582418,0
1502,0.2013942680092951,0.7032967032967034,1
1503,0.528272656855151,0.4175824175824176,4
1504,0.3051897753679318,0.4175824175824176,4
1505,0.1711851278079008,0.5604395604395606,2
1506,0.1859024012393493,0.5164835164835165,2
1507,0.04570100697134,0.5824175824175825,1
1508,0.3284275755228505,0.6043956043956045,2
1509,0.0673896204492641,0.5054945054945056,2
1510,0.2780790085205267,0.7032967032967034,1
1511,0.1688613477924089,0.6813186813186815,1
1512,0.1727343144848954,0.7142857142857144,1
1513,0.0875290472501936,0.5934065934065935,1
1514,0.1293570875290472,0.6043956043956045,1
1515,0.4198295894655306,0.2747252747252747,0
1516,0.2587141750580944,0.4725274725274725,2
1517,0.1773818745158791,0.6483516483516485,1
1518,0.1828040278853601,0.7252747252747254,1
1519,0.4864446165762974,0.2637362637362637,0
1520,0.1309062742060418,0.5604395604395606,2
1521,0.2610379550735864,0.5054945054945056,2
1522,0.1231603408210689,0.4725274725274725,2
1523,0.3989155693261037,0.5054945054945056,4
1524,0.2261812548412084,0.4835164835164835,2
1525,0.0542215336948102,0.6263736263736265,1
1526,0.0232378001549186,0.6153846153846154,1
1527,0.2672347017815647,0.4505494505494505,2
1528,0.1967467079783113,0.5714285714285715,2
1529,0.1820294345468629,0.5604395604395606,2
1530,0.4988381099922541,0.3516483516483517,4
1531,0.0364058869093725,0.5824175824175825,1
1532,0.1711851278079008,0.6263736263736265,1
1533,0.0426026336173508,0.8461538461538463,1
1534,0.2006196746707978,0.5934065934065935,2
1535,0.3129357087529048,0.6153846153846154,2
1536,0.0999225406661502,0.4835164835164835,2
1537,0.2238574748257164,0.5824175824175825,2
1538,0.3237800154918667,0.3516483516483517,4
1539,0.1309062742060418,0.4505494505494505,2
1540,0.4996127033307513,0.2967032967032967,0
1541,0.0549961270333075,0.7912087912087913,1
1543,0.4709527498063516,0.3846153846153846,4
1544,0.0178156467854376,0.4835164835164835,2
1545,0.1417505809450038,0.5934065934065935,1
1546,0.3214562354763749,0.5164835164835165,2
1547,0.0774593338497288,0.6703296703296704,1
1548,0.2408985282726568,0.3406593406593406,2
1549,0.1959721146398141,0.4835164835164835,2
1550,0.080557707203718,0.6263736263736265,1
1551,0.1920991479473276,0.6373626373626374,1
1552,0.4144074360960496,0.1758241758241758,0
1553,0.3508907823392718,0.4615384615384615,4
1554,0.2548412083656081,0.5494505494505495,2
1555,0.2192099147947327,0.6593406593406594,1
1556,0.1897753679318357,0.6593406593406594,1
1557,0.0635166537567776,0.7142857142857144,1
1558,0.3261037955073587,0.4065934065934066,4
1559,0.2083656080557707,0.3626373626373626,2
1560,0.2966692486444616,0.4725274725274725,2
1561,0.8195197521301316,0.2307692307692308,3
1562,0.3113865220759102,0.6373626373626374,2
1563,0.3020914020139427,0.5934065934065935,2
1564,0.4965143299767621,0.4065934065934066,4
1565,0.2130131680867544,0.6153846153846154,2
1566,0.010844306738962,0.5934065934065935,1
1567,0.0991479473276529,0.6153846153846154,1
1568,0.0,0.8571428571428572,1
1569,0.2153369481022463,0.4615384615384615,2
1570,0.1432997676219984,0.7802197802197803,1
1571,0.5979860573199071,0.2417582417582418,0
1572,0.2532920216886135,0.6813186813186815,1
1573,0.139426800929512,0.4615384615384615,2
1574,0.3764523625096824,0.5164835164835165,4
1575,0.0782339271882262,0.5384615384615385,2
1576,0.2316034082106894,0.3956043956043956,2
1577,0.5453137103020914,0.3846153846153846,4
1578,0.0247869868319132,0.7802197802197803,1
1579,0.5453137103020914,0.2417582417582418,0
1580,0.3214562354763749,0.3296703296703296,4
1581,0.3098373353989155,0.5054945054945056,2
1582,0.3818745158791634,0.4395604395604395,4
1583,0.6212238574748258,0.2857142857142857,0
1584,0.2571649883810999,0.6373626373626374,2
1585,0.3454686289697909,0.4835164835164835,4
1586,0.1363284275755228,0.8131868131868133,1
1587,0.1859024012393493,0.6153846153846154,1
1588,0.3973663826491092,0.3956043956043956,4
1589,0.1355538342370255,0.4395604395604395,2
1590,0.2563903950426026,0.5054945054945056,2
1591,0.1967467079783113,0.5384615384615385,2
1592,0.2858249419054995,0.6153846153846154,2
1594,0.6049573973663825,0.1868131868131868,0
1595,0.2424477149496514,0.5714285714285715,2
1596,0.2633617350890782,0.6153846153846154,2
1597,0.0975987606506584,0.8021978021978023,1
1598,0.1262587141750581,0.7142857142857144,1
1599,0.3377226955848179,0.5714285714285715,2
1600,0.5933384972889233,0.3406593406593406,0
1601,0.230828814872192,0.6043956043956045,2
1602,0.4229279628195197,0.5604395604395606,4
1603,0.5104570100697134,0.1978021978021978,0
1604,0.1773818745158791,0.5384615384615385,2
1605,0.5422153369481022,0.2087912087912088,0
1606,0.2153369481022463,0.6153846153846154,2
1607,0.0689388071262586,0.7802197802197803,1
1608,0.0813323005422153,0.5604395604395606,1
1609,0.4957397366382648,0.0879120879120879,0
1610,0.4670797831138652,0.3626373626373626,4
1611,0.1657629744384198,0.6923076923076924,1
1612,0.2703330751355538,0.5824175824175825,2
1613,0.0,0.7362637362637363,1
1614,0.6638264910921766,0.1428571428571428,3
1615,0.150271107668474,0.4615384615384615,2
1616,0.3253292021688613,0.5604395604395606,2
1617,0.533694810224632,0.2747252747252747,0
1618,0.3214562354763749,0.7362637362637363,1
1619,0.3594113090627421,0.5384615384615385,4
1620,0.0945003872966692,0.5714285714285715,1
1621,0.4012393493415956,0.3846153846153846,4
1622,0.5375677769171185,0.2857142857142857,0
1623,0.6134779240898528,0.2637362637362637,0
1624,0.6460108443067389,0.3736263736263736,0
1625,0.1123160340821068,0.6483516483516485,1
1626,0.0743609604957397,0.5714285714285715,1
1627,0.185127807900852,0.7912087912087913,1
1628,0.2044926413632842,0.5714285714285715,2
1629,0.4384198295894654,0.4835164835164835,4
1630,0.1177381874515879,0.5384615384615385,2
1631,0.5081332300542215,0.3846153846153846,4
1632,0.2447714949651433,0.5824175824175825,2
1633,0.1595662277304415,0.3956043956043956,2
1634,0.0123934934159566,0.9010989010989012,1
1635,0.0728117738187451,0.7802197802197803,1
1636,0.3555383423702556,0.4175824175824176,4
1637,0.2470952749806351,0.4175824175824176,2
1638,0.0131680867544539,0.7142857142857144,1
1639,0.2207591014717273,0.5714285714285715,2
1640,0.2517428350116188,0.5824175824175825,2
1641,0.5259488768396592,0.3406593406593406,0
1642,0.2873741285824942,0.5824175824175825,2
1643,0.0170410534469403,0.8351648351648353,1
1644,0.2424477149496514,0.6153846153846154,2
1645,0.2215336948102246,0.4505494505494505,2
1646,0.016266460108443,0.8021978021978023,1
1647,0.3160340821068939,0.6923076923076924,1
1648,0.2548412083656081,0.8901098901098902,1
1649,0.487993803253292,0.2637362637362637,0
1650,0.4965143299767621,0.3516483516483517,4
1651,0.4391944229279628,0.1758241758241758,0
1652,0.2013942680092951,0.6373626373626374,1
1653,0.1169635941130906,0.5604395604395606,2
1655,0.3865220759101472,0.3846153846153846,4
1656,0.3307513555383424,0.3186813186813187,4
1657,0.2742060418280403,0.4835164835164835,2
1658,0.2695584817970565,0.3076923076923077,4
1659,0.2099147947327653,0.6483516483516485,1
1660,0.1084430673896204,0.4065934065934066,2
1661,0.1859024012393493,0.5934065934065935,2
1662,0.2532920216886135,0.3186813186813187,2
1663,0.1045701006971339,0.5934065934065935,1
1664,0.1742835011618899,0.7692307692307694,1
1665,0.2416731216111541,0.5824175824175825,2
1666,0.0906274206041828,0.5494505494505495,2
1667,0.4616576297443842,0.3626373626373626,4
1668,0.0,0.6593406593406594,1
1669,0.5840433772269559,0.3736263736263736,0
1670,0.4539116963594112,0.2307692307692308,0
1671,0.0,0.7252747252747254,1
1672,0.225406661502711,0.2637362637362637,2
1673,0.0991479473276529,0.5714285714285715,1
1674,0.1510457010069713,0.5494505494505495,2
1675,0.1239349341595662,0.6923076923076924,1
1676,0.1061192873741285,0.6263736263736265,1
1677,0.6010844306738962,0.1208791208791208,0
1678,0.3415956622773044,0.3626373626373626,4
1679,0.3694810224632068,0.4505494505494505,4
1680,0.4329976762199845,0.4065934065934066,4
1681,0.1758326878388846,0.5274725274725276,2
1683,0.1169635941130906,0.6813186813186815,1
1684,0.0697134004647559,0.5934065934065935,1
1685,0.4229279628195197,0.4175824175824176,4
1686,0.2835011618900077,0.7692307692307694,1
1687,0.1665375677769171,0.4395604395604395,2
1688,0.4639814097598761,0.1978021978021978,0
1689,0.3640588690937257,0.5494505494505495,4
1691,0.4616576297443842,0.3516483516483517,4
1692,0.1231603408210689,0.5384615384615385,2
1693,0.4988381099922541,0.3626373626373626,4
1694,0.399690162664601,0.6153846153846154,4
1695,0.2114639814097598,0.6593406593406594,1
1696,0.1247095274980635,0.7032967032967034,1
1697,0.056545313710302,0.4945054945054946,2
1698,0.4972889233152595,0.2527472527472527,0
1700,0.185127807900852,0.4945054945054946,2
1701,0.5995352439969016,0.4175824175824176,4
1702,0.1324554608830364,0.6703296703296704,1
1703,0.0945003872966692,0.6043956043956045,1
1704,0.0100697134004647,0.6703296703296704,1
1705,0.3415956622773044,0.3956043956043956,4
1706,0.1355538342370255,0.6373626373626374,1
1707,0.5422153369481022,0.3846153846153846,4
1708,0.0,0.4835164835164835,2
1709,0.5685515104570101,0.3186813186813187,0
1710,0.3090627420604183,0.6043956043956045,2
1711,0.0960495739736638,0.5934065934065935,1
1712,0.2532920216886135,0.6263736263736265,2
1713,0.2579395817195972,0.8461538461538463,1
1714,0.2633617350890782,0.5274725274725276,2
1715,0.5592563903950426,0.3736263736263736,0
1716,0.1657629744384198,0.5054945054945056,2
1717,0.2068164213787761,0.5824175824175825,2
1718,0.1773818745158791,0.6373626373626374,1
1719,0.1882261812548411,0.6043956043956045,2
1720,0.372579395817196,0.3626373626373626,4
1721,0.0,0.6923076923076924,1
1722,0.0495739736638264,0.8131868131868133,1
1723,0.4833462432223083,0.4395604395604395,4
1724,0.1766072811773818,0.6923076923076924,1
1725,0.1982958946553059,0.5494505494505495,2
1726,0.2563903950426026,0.6263736263736265,2
1727,0.2579395817195972,0.5604395604395606,2
1728,0.1758326878388846,0.4835164835164835,2
1729,0.120836560805577,0.6593406593406594,1
1730,0.1711851278079008,0.4725274725274725,2
1731,0.1456235476374902,0.5384615384615385,2
1732,0.3872966692486445,0.4835164835164835,4
1733,0.0426026336173508,0.6813186813186815,1
1734,0.533694810224632,0.2197802197802198,0
1735,0.3353989155693261,0.6043956043956045,2
1736,0.1859024012393493,0.6373626373626374,1
1737,0.6181254841208366,0.2307692307692308,0
1738,0.5507358636715723,0.1428571428571428,0
1739,0.5731990704879938,0.3186813186813187,0
1740,0.0,0.6263736263736265,1
1741,0.2099147947327653,0.5824175824175825,2
1742,0.2153369481022463,0.5274725274725276,2
1743,0.2711076684740511,0.3076923076923077,4
1744,0.3075135553834237,0.4615384615384615,2
1745,0.1378776142525174,0.5824175824175825,2
1746,0.3253292021688613,0.5714285714285715,2
1747,0.1618900077459334,0.5274725274725276,2
1748,0.04570100697134,0.8461538461538463,1
1749,0.0147172734314484,0.4615384615384615,2
1750,0.2393493415956622,0.6923076923076924,1
1751,0.3950426026336173,0.4175824175824176,4
1752,0.6235476374903176,0.1978021978021978,0
1753,0.3268783888458559,0.5054945054945056,2
1754,0.4655305964368705,0.4395604395604395,4
1755,0.5995352439969016,0.2417582417582418,0
1756,0.5879163439194424,0.0549450549450549,3
1757,0.8559256390395042,0.0,3
1758,0.6212238574748258,0.0879120879120879,3
1759,0.2075910147172734,0.5934065934065935,2
1760,0.0,0.8021978021978023,1
1761,0.3020914020139427,0.4065934065934066,4
1762,0.7226955848179706,0.2087912087912088,0
1763,0.0782339271882262,0.5604395604395606,1
1764,0.4802478698683191,0.3296703296703296,0
1765,0.6994577846630519,0.1648351648351648,3
1766,0.2486444616576297,0.3736263736263736,2
1767,0.7219209914794733,0.0,3
1768,0.1998450813323005,0.7252747252747254,1
1769,0.1363284275755228,0.7032967032967034,1
1770,0.5824941905499613,0.1208791208791208,0
1771,0.6343919442292797,0.2747252747252747,0
1772,0.5197521301316808,0.1538461538461538,0
1774,0.2370255615801704,0.5384615384615385,2
1775,0.5948876839659178,0.0439560439560439,3
1776,0.6250968241673122,0.1428571428571428,0
1777,0.5817195972114639,0.0659340659340659,3
1778,0.2184353214562354,0.7362637362637363,1
1779,0.5182029434546863,0.0879120879120879,0
1780,0.4756003098373355,0.5824175824175825,4
1781,0.0991479473276529,0.5824175824175825,1
1782,0.7823392718822618,0.0,3
1783,0.0650658404337722,0.4395604395604395,2
1784,0.887683965917893,0.0,3
1785,0.6018590240123936,0.1758241758241758,0
1786,0.1231603408210689,0.5604395604395606,2
1787,0.5824941905499613,0.2417582417582418,0
1788,0.7831138652207591,0.0,3
1789,0.6049573973663825,0.1318681318681319,0
1790,0.6886134779240899,0.0219780219780219,3
1791,0.7552285050348567,0.0,3
1792,0.4810224632068164,0.1098901098901099,0
1793,0.820294345468629,0.0549450549450549,3
1794,0.2137877614252517,0.4835164835164835,2
1795,0.5367931835786212,0.4945054945054946,4
1796,0.1897753679318357,0.5604395604395606,2
1797,0.8481797056545314,0.0,3
1798,0.715724244771495,0.0,3
1799,0.120836560805577,0.7362637362637363,1
1800,0.6158017041053446,0.1098901098901099,3
1801,0.8218435321456234,0.0,3
1802,0.2122385747482571,0.5604395604395606,2
1803,0.6010844306738962,0.2747252747252747,0
1804,0.8241673121611155,0.0,3
1805,0.0116189000774593,0.6593406593406594,1
1806,0.6522075910147173,0.1758241758241758,0
1807,0.1192873741285824,0.8021978021978023,1
1808,0.7885360185902401,0.0,3
1809,0.7993803253292022,0.0,3
1810,0.8497288923315259,0.0,3
1811,0.6072811773818746,0.0,3
1812,0.6948102246320682,0.0,3
1813,0.680867544539117,0.0,3
1814,0.2718822618125484,0.4725274725274725,2
1815,0.6553059643687064,0.0109890109890109,3
1816,0.0797831138652207,0.6153846153846154,1
1817,0.6738962044926413,0.2967032967032967,0
1818,0.0147172734314484,0.6923076923076924,1
1819,0.0743609604957397,0.5604395604395606,1
1820,0.005422153369481,0.7912087912087913,1
1821,0.4980635166537567,0.1758241758241758,0
1822,0.2161115414407436,0.6043956043956045,2
1823,0.6343919442292797,0.0439560439560439,3
1824,0.1378776142525174,0.5274725274725276,2
1825,0.2982184353214562,0.5164835164835165,2
1826,0.4957397366382648,0.3186813186813187,0
1827,0.7110766847405112,0.0439560439560439,3
1828,0.2501936483346243,0.5054945054945056,2
1829,0.6607281177381874,0.0,3
1830,0.6955848179705654,0.0,3
1831,0.4980635166537567,0.3516483516483517,4
1832,0.1711851278079008,0.5604395604395606,2
1833,0.0379550735863671,0.6263736263736265,1
1834,0.7467079783113866,0.0,3
1835,0.0,0.5824175824175825,1
1836,0.6940356312935708,0.0,3
1837,0.611154144074361,0.2307692307692308,0
1838,0.7273431448489543,0.0,3
1839,0.7451587916343919,0.0,3
1840,0.8024786986831913,0.0,3
1841,0.4570100697134004,0.4615384615384615,4
1842,0.5786212238574748,0.0769230769230769,3
1843,0.4407436096049574,0.4395604395604395,4
1844,0.6731216111541442,0.4395604395604395,0
1845,0.6924864446165764,0.0989010989010989,3
1846,0.8133230054221534,0.0,3
1847,0.8830364058869093,0.0,3
1848,0.6010844306738962,0.0,3
1849,0.5112316034082107,0.2967032967032967,0
1850,0.3446940356312935,0.3956043956043956,4
1851,0.7234701781564679,0.0659340659340659,3
1852,0.1347792408985282,0.8681318681318683,1
1853,0.1525948876839659,0.5164835164835165,2
1854,0.4616576297443842,0.3626373626373626,4
1855,0.3640588690937257,0.4725274725274725,4
1856,0.225406661502711,0.6043956043956045,2
1857,0.2393493415956622,0.5824175824175825,2
1858,0.1835786212238575,0.7142857142857144,1
1859,0.0,0.3956043956043956,2
1860,0.7552285050348567,0.0,3
1861,0.3508907823392718,0.3846153846153846,4
1862,0.5112316034082107,0.4945054945054946,4
1863,0.5855925639039503,0.0,3
1864,0.1719597211463981,0.2637362637362637,2
1865,0.8497288923315259,0.0,3
1866,0.6948102246320682,0.0219780219780219,3
1867,0.109992254066615,0.5054945054945056,2
1868,0.5205267234701781,0.2417582417582418,0
1869,0.8458559256390396,0.0,3
1870,0.7637490317583269,0.0,3
1871,0.4965143299767621,0.2747252747252747,0
1872,0.6553059643687064,0.2307692307692308,0
1873,0.1905499612703331,0.2747252747252747,2
1874,0.906274206041828,0.0,3
1875,0.2230828814872192,0.4395604395604395,2
1876,0.8822618125484121,0.0,3
1877,0.6243222308288148,0.1098901098901099,3
1878,0.7831138652207591,0.1868131868131868,3
1879,0.6390395042602633,0.0329670329670329,3
1880,0.2408985282726568,0.5604395604395606,2
1881,0.2641363284275755,0.6043956043956045,2
1882,0.0921766072811773,0.8461538461538463,1
1883,0.1347792408985282,0.5604395604395606,2
1884,0.6235476374903176,0.0879120879120879,3
1885,0.4577846630518977,0.2087912087912088,0
1886,0.0,0.4175824175824176,2
1887,0.8838109992254066,0.0,3
1888,0.8520526723470178,0.0,3
1889,0.8520526723470178,0.0,3
1890,0.8822618125484121,0.0,3
1892,0.4670797831138652,0.5934065934065935,4
1893,0.7327652982184353,0.0549450549450549,3
1894,0.6475600309837335,0.1428571428571428,3
1895,0.1371030209140201,0.6153846153846154,1
1896,0.6855151045701007,0.0,3
1897,0.0697134004647559,0.8021978021978023,1
1898,0.1285824941905499,0.5494505494505495,2
1899,0.7296669248644462,0.2417582417582418,0
1900,0.5058094500387297,0.0989010989010989,0
1901,0.6584043377226956,0.0659340659340659,3
1902,0.1463981409759876,0.7582417582417583,1
1903,0.675445391169636,0.0,3
1904,0.2347017815646785,0.7142857142857144,1
1905,0.1696359411309062,0.5824175824175825,2
1906,0.7676219984508132,0.0,3
1907,1.0,0.0,3
1908,0.6359411309062741,0.0,3
1909,0.7629744384198296,0.0219780219780219,3
1910,0.7397366382649109,0.0879120879120879,3
1911,0.6421378776142526,0.0549450549450549,3
1912,0.0968241673121611,0.6483516483516485,1
1913,0.3679318357862122,0.6923076923076924,2
1914,0.4438419829589465,0.4725274725274725,4
1915,0.1076684740511231,0.6263736263736265,1
1916,0.6646010844306739,0.1978021978021978,0
1917,0.6250968241673122,0.2857142857142857,0
1918,0.1092176607281177,0.6373626373626374,1
1919,0.2610379550735864,0.4285714285714286,2
1920,0.6762199845081331,0.1318681318681319,3
1921,0.0790085205267234,0.7472527472527474,1
1922,0.6847405112316034,0.0,3
1923,0.487993803253292,0.4945054945054946,4
1924,0.5073586367157242,0.3186813186813187,0
1925,0.7288923315259488,0.0439560439560439,3
1926,0.6963594113090628,0.0769230769230769,3
1927,0.4415182029434547,0.3846153846153846,4
1928,0.6932610379550735,0.1868131868131868,0
1929,0.6351665375677769,0.1868131868131868,0
1930,0.2780790085205267,0.5274725274725276,2
1931,0.8729666924864447,0.0,3
1932,0.6289697908597986,0.0659340659340659,3
1933,0.6769945778466305,0.0,3
1934,0.7536793183578621,0.0,3
1935,0.7931835786212239,0.0,3
1937,0.6707978311386521,0.0,3
1938,0.6545313710302091,0.0,3
1939,0.7474825716498839,0.0,3
1940,0.546862896979086,0.0109890109890109,3
1941,0.7389620449264137,0.0,3
1942,0.2122385747482571,0.5054945054945056,2
1943,0.7753679318357861,0.0,3
1944,0.7575522850503486,0.0,3
1945,0.0619674670797831,0.6703296703296704,1
1946,0.6576297443841983,0.2197802197802198,0
1947,0.1130906274206041,0.4615384615384615,2
1948,0.1595662277304415,0.7142857142857144,1
1949,0.6955848179705654,0.1538461538461538,3
1950,0.0426026336173508,0.5824175824175825,1
1951,0.8040278853601859,0.0,3
1952,0.7048799380325329,0.0,3
1953,0.5251742835011618,0.3406593406593406,0
1954,0.0,0.8241758241758242,1
1955,0.233152594887684,0.6153846153846154,2
1956,0.8009295120061968,0.1428571428571428,3
1957,0.6963594113090628,0.0,3
1958,0.7420604182804028,0.0,3
1959,0.243996901626646,0.5274725274725276,2
1960,0.5530596436870643,0.3516483516483517,0
1961,0.5298218435321457,0.1318681318681319,0
1962,0.7730441518202943,0.0,3
1963,0.0387296669248644,0.6813186813186815,1
1964,0.5840433772269559,0.0,3
1965,0.6026336173508907,0.1538461538461538,0
1966,0.8574748257164988,0.0,3
1967,0.2347017815646785,0.3956043956043956,2
1968,0.6584043377226956,0.0549450549450549,3
1969,0.7451587916343919,0.0,3
1970,0.1518202943454686,0.4505494505494505,2
1971,0.8745158791634392,0.0,3
1972,0.632842757552285,0.0549450549450549,3
1973,0.0782339271882262,0.7142857142857144,1
1974,0.3741285824941905,0.4505494505494505,4
1975,0.6134779240898528,0.0659340659340659,3
1976,0.0,0.6813186813186815,1
1977,0.715724244771495,0.0,3
1978,0.4221533694810224,0.4945054945054946,4
1979,0.6026336173508907,0.2417582417582418,0
1980,0.0193648334624322,0.6153846153846154,1
1981,0.7784663051897753,0.0,3
1982,0.8334624322230828,0.0,3
1983,0.7753679318357861,0.0,3
1984,0.7110766847405112,0.0549450549450549,3
1985,0.2556158017041053,0.5054945054945056,2
1986,0.6676994577846631,0.0439560439560439,3
1987,0.0,0.6593406593406594,1
1988,0.0,0.8021978021978023,1
1989,0.2951200619674671,0.3956043956043956,4
1990,0.6026336173508907,0.1978021978021978,0
1991,0.6986831913245546,0.1208791208791208,3
1992,0.6591789310611929,0.0549450549450549,3
1993,0.4554608830364058,0.4725274725274725,4
1994,0.1696359411309062,0.7802197802197803,1
1995,0.9163439194422928,0.0,3
1996,0.5236250968241672,0.4285714285714286,4
1997,0.4082106893880712,0.2747252747252747,0
1998,0.2378001549186677,0.6373626373626374,2
1999,0.7188226181254841,0.0,3
